day,hour,1,2,3,4,5,6,7,8,9,10,11,12,13,14,15,16,17,18,19,20,21,22,23,24,25,26,27,28,29,30,31,32,33,34,35,36,37,38,39,40,41,42,43,44,45,46,47,48,49,50,51,52,53,54,55,56,57,58,59,60,61,62,63,64,65,66,67,68,69,70,71,72,73,74,75,76,77,total
0,0,501,286,1097,513,563,3426,2572,6395,66,149,120,51,78,261,229,418,89,36,254,102,534,1862,301,3001,344,85,129,2639,173,147,508,2813,870,222,216,37,50,179,130,101,422,167,253,264,43,87,14,55,176,25,43,15,72,19,11,593,87,161,80,218,150,49,84,44,73,145,124,125,239,69,158,75,61,51,55,1701,693,38248
0,1,398,247,830,405,463,2639,2093,5205,58,99,75,37,60,216,186,323,69,25,198,71,445,1605,205,2336,276,65,133,1991,164,138,373,2074,485,159,141,27,32,172,99,87,292,137,195,203,28,79,7,37,155,17,29,12,62,13,6,556,38,110,61,150,124,37,62,40,64,104,99,87,159,66,128,76,54,75,42,1366,553,30027
0,2,305,188,580,311,394,2182,1662,3838,48,128,74,29,39,206,140,291,71,20,157,53,400,1263,242,1880,240,75,112,2006,157,128,308,1381,329,158,133,27,21,143,90,71,238,108,171,142,15,51,7,27,113,16,22,5,59,18,2,442,35,90,68,106,94,38,49,16,38,100,83,95,121,44,103,65,46,54,37,1328,430,24356
0,3,312,215,533,290,317,2103,1585,3566,18,86,69,31,49,176,149,258,56,23,146,54,284,1103,221,1604,276,65,103,1774,141,115,259,1251,270,133,100,25,17,119,90,68,189,99,175,143,22,36,8,21,109,18,30,14,53,14,14,579,30,107,51,102,95,40,58,37,43,110,82,87,103,52,116,44,54,22,51,1230,428,22520
0,4,343,215,666,327,375,2164,1427,3399,17,81,87,36,57,193,160,300,72,20,187,71,257,1094,219,1557,318,68,108,1626,142,152,259,1294,387,80,117,32,28,119,115,74,206,89,235,152,23,57,11,40,124,22,37,16,45,17,8,426,36,131,40,118,130,37,69,48,64,128,78,114,168,68,125,45,51,25,49,1008,452,22735
0,5,341,242,953,320,432,2266,1402,3615,33,80,84,39,40,195,217,342,86,32,216,83,293,1116,285,1712,348,60,130,1750,174,197,426,1414,699,97,154,31,45,155,137,80,218,138,262,126,33,84,8,26,121,22,37,12,65,22,12,362,53,175,47,158,140,57,98,44,89,158,103,121,168,88,195,38,86,20,38,1116,441,25302
0,6,428,331,885,403,504,2716,2029,4180,36,118,103,60,77,285,297,372,103,48,310,149,497,1428,366,2326,440,89,159,1811,247,252,519,1479,594,104,216,59,52,227,177,132,294,183,309,197,42,86,19,43,214,41,34,24,75,19,15,295,70,181,94,233,212,77,141,52,96,192,143,161,216,120,216,40,124,32,55,1101,534,30588
0,7,592,558,1169,416,539,3237,2710,6214,46,151,153,57,102,334,413,518,151,52,441,170,534,1728,470,3336,549,115,224,2751,280,358,653,1813,773,153,415,67,37,347,270,159,492,287,448,287,71,145,19,108,244,57,63,22,111,18,20,446,98,315,125,331,265,108,203,80,184,319,149,183,308,188,274,74,158,32,101,946,582,40916
0,8,577,515,1101,485,608,3961,3020,8406,42,157,136,70,106,382,343,503,143,74,484,166,525,1653,456,3632,572,113,226,3771,343,349,703,2727,927,140,514,98,39,392,317,184,549,300,482,294,90,170,18,87,257,48,66,24,110,30,7,367,93,295,126,435,244,102,191,61,183,269,176,218,308,169,304,65,163,28,70,1059,696,47114
0,9,525,434,946,402,445,2973,2096,6291,24,95,110,50,104,285,285,389,117,52,413,120,446,1227,406,2538,448,85,184,2847,275,323,549,2458,751,158,388,61,21,267,238,157,488,229,388,209,51,114,12,51,224,45,36,23,96,23,12,569,83,241,108,266,188,57,172,56,143,240,148,172,241,141,221,58,106,23,69,1681,595,37562
0,10,501,407,831,377,345,2143,1466,4614,23,84,90,63,105,294,235,382,133,61,289,104,379,1100,401,1870,423,76,154,2491,224,279,491,2597,551,134,295,51,21,238,235,113,534,193,304,207,50,111,13,68,158,44,65,15,76,33,12,422,82,181,94,280,175,60,120,51,117,208,156,152,205,103,207,69,97,26,67,1476,589,31490
0,11,483,391,789,350,347,1993,1479,4911,28,112,116,55,109,267,308,406,113,48,317,96,377,1023,343,1809,427,93,147,2915,270,336,475,3240,569,126,244,57,30,229,219,91,546,181,365,211,48,101,20,74,185,44,52,28,72,36,16,460,61,198,120,230,176,56,138,57,111,265,146,167,218,119,218,50,105,25,60,1518,544,32759
0,12,516,403,831,367,434,1991,1530,5419,23,113,111,84,109,311,290,420,134,42,333,135,431,1097,338,2011,481,122,199,3262,309,315,485,3799,668,181,312,75,38,241,252,122,598,232,394,227,55,117,22,43,214,41,51,27,114,26,14,469,82,205,115,257,236,60,173,63,100,264,169,200,253,118,216,45,151,19,88,1442,628,35862
0,13,576,521,929,459,458,2243,1735,6479,23,146,153,82,120,351,349,493,156,50,433,149,491,1443,482,2478,664,146,251,3703,383,360,632,4059,773,173,423,97,40,302,298,183,734,321,443,297,74,152,20,71,260,54,63,20,131,20,15,686,123,263,121,326,305,82,179,69,171,312,201,237,252,156,328,69,167,17,84,1719,638,42466
0,14,661,605,1021,543,626,2958,2131,7510,30,133,163,90,144,363,421,501,147,66,477,164,522,1652,558,3040,729,163,243,4501,427,415,862,4741,1005,247,489,96,46,427,333,197,766,371,477,323,59,147,22,80,259,65,74,25,139,39,15,609,115,265,170,409,281,98,191,81,156,329,207,239,330,146,322,58,126,19,93,1693,806,49051
0,15,641,544,1154,619,564,2846,2323,7765,34,179,154,98,191,367,387,521,143,56,395,157,536,1634,560,3090,591,162,248,4919,398,406,749,5150,1064,239,588,87,46,378,329,204,962,330,436,325,67,163,15,65,254,71,82,22,118,48,24,756,161,244,130,393,300,92,201,75,154,292,242,289,278,197,286,66,140,29,140,2377,829,51169
0,16,581,494,1028,560,553,2405,2003,7644,23,153,159,83,196,386,331,499,152,63,420,160,523,1552,447,2587,625,134,241,5181,392,359,628,6066,805,198,403,62,46,329,295,198,1010,322,436,345,75,134,23,90,287,95,78,20,103,43,11,575,122,246,130,298,296,94,177,84,139,264,186,230,306,191,311,66,114,37,123,1645,713,48383
0,17,582,494,1034,572,636,2689,2295,9474,43,146,136,87,176,318,360,523,183,72,396,160,599,1593,446,2812,558,124,205,5969,375,367,605,7522,818,212,394,70,50,365,289,150,873,292,407,348,61,150,31,80,270,65,75,17,125,23,11,584,141,211,151,276,298,83,150,59,150,223,217,223,297,156,273,85,125,40,125,1733,760,53087
0,18,638,502,1281,654,685,3214,2691,9693,43,149,159,64,157,351,343,532,113,70,424,156,609,1937,447,3072,535,120,209,5962,365,315,532,7547,846,246,391,58,51,344,269,143,866,325,402,364,57,137,25,63,307,79,72,22,83,28,19,657,145,231,139,272,255,62,167,60,165,231,189,227,304,132,295,94,157,39,129,1751,853,55320
0,19,545,410,1128,503,588,3026,2694,9301,29,111,125,54,149,369,305,469,121,45,340,134,557,1820,429,2783,569,120,213,4949,339,329,512,6578,715,244,303,58,50,269,221,127,811,284,370,333,47,141,26,70,349,75,51,17,102,27,20,776,114,208,147,238,237,71,159,58,156,208,170,226,286,111,261,64,120,27,81,2165,747,50984
0,20,530,430,1005,504,515,2592,2349,8796,31,100,90,45,136,297,264,406,123,39,361,118,502,1584,372,2540,515,112,191,4693,323,292,510,5600,654,302,239,50,54,296,204,114,688,259,339,303,50,109,14,67,255,61,60,22,103,30,19,669,97,197,123,215,226,63,127,65,119,178,159,236,259,138,230,67,105,28,98,1947,645,46248
0,21,528,387,905,524,502,2594,2308,8364,39,127,124,59,127,292,295,437,116,48,331,117,505,1580,388,2356,518,140,196,4820,321,257,467,4641,669,261,280,55,49,265,198,106,675,219,338,318,56,116,13,43,229,55,57,15,99,20,20,798,105,172,98,191,238,61,121,59,130,225,214,195,257,126,239,67,134,40,91,2127,722,44979
0,22,549,414,971,472,579,2741,2138,7503,32,123,146,50,149,273,269,423,93,41,358,97,510,1625,387,2402,509,138,217,4339,337,295,561,4257,660,230,291,48,57,242,202,134,747,237,338,315,48,112,21,50,218,39,62,14,90,18,22,557,88,176,107,217,238,59,140,70,103,208,167,192,260,140,242,52,107,24,88,1386,716,42530
0,23,497,356,1257,503,571,2569,2046,7288,31,138,102,61,80,270,239,450,86,37,301,124,500,1590,351,2503,464,130,187,4395,284,268,539,4507,616,162,250,54,61,256,187,123,682,216,331,281,46,119,18,60,234,47,47,11,73,26,16,466,81,179,114,231,217,62,121,62,104,179,142,204,259,107,217,65,89,26,89,1312,652,41618
1,0,394,279,815,403,420,2022,1455,5610,28,107,94,38,74,232,169,365,82,32,196,65,400,1295,251,1916,318,64,138,2967,162,193,350,3580,371,112,186,27,38,192,128,89,528,152,213,192,32,83,14,44,191,22,42,8,47,15,12,479,70,125,89,187,147,38,72,48,79,121,105,122,190,74,136,56,78,33,46,1377,484,31408
1,1,287,221,574,275,317,1690,1200,4304,37,74,62,19,56,199,164,277,68,24,195,72,302,1035,191,1505,269,74,105,2130,126,149,286,2745,253,129,147,21,29,129,107,63,356,120,177,132,22,54,14,31,171,18,35,14,35,16,7,285,48,108,72,90,122,36,72,54,66,110,77,103,115,46,114,64,45,27,32,933,375,24106
1,2,232,203,410,231,231,1259,843,3004,36,78,45,23,39,175,124,203,70,24,190,55,203,809,153,1112,203,57,80,1647,141,128,202,1835,208,113,89,20,18,102,59,49,205,73,140,115,20,43,4,28,105,19,32,7,31,11,15,210,32,80,52,91,126,30,61,15,54,57,89,88,100,44,89,39,42,13,35,746,257,17901
1,3,214,151,341,192,185,978,792,2716,18,56,51,28,40,113,98,180,44,25,147,59,214,662,145,911,212,65,68,1569,126,105,187,1320,156,77,65,11,19,77,53,38,181,69,118,114,17,40,3,23,84,11,27,5,35,9,15,349,26,73,45,66,74,25,60,30,39,88,69,81,104,49,87,36,40,21,38,757,260,15676
1,4,240,160,411,219,211,1033,760,2282,9,73,59,14,48,149,119,222,50,13,163,59,191,627,198,922,225,54,78,1100,125,123,217,960,179,73,94,20,26,90,65,58,165,71,150,129,16,45,2,24,88,16,20,9,43,9,6,209,36,120,37,64,104,30,79,30,46,103,75,85,118,49,88,41,42,33,15,509,273,14698
1,5,282,171,519,189,263,1106,843,2231,16,67,54,31,27,143,151,212,62,27,183,95,209,668,243,1007,317,55,95,1040,163,169,200,918,212,50,126,17,36,112,109,52,147,124,217,143,34,46,9,22,114,18,27,14,53,16,11,193,46,143,42,102,127,48,83,32,64,136,88,94,146,68,129,29,59,13,48,605,305,16065
1,6,359,265,611,289,334,1955,1325,2970,28,72,95,44,57,205,209,319,102,33,273,125,359,913,278,1612,375,64,130,1362,177,181,340,1167,344,68,165,53,38,195,148,100,248,149,260,173,38,81,10,34,172,25,30,17,52,23,6,235,57,159,57,186,172,64,94,44,75,173,100,122,195,115,145,27,111,17,51,744,414,22414
1,7,433,501,847,388,494,2702,2277,5758,39,138,116,46,107,310,322,431,125,65,400,160,458,1366,445,2830,460,116,219,2440,253,296,514,1846,683,132,382,72,22,296,253,149,397,268,401,262,75,121,23,79,255,50,61,12,98,19,17,268,104,244,113,311,251,81,171,87,153,279,150,165,274,178,235,74,149,22,82,603,571,35594
1,8,512,471,841,406,407,2462,2507,7805,32,128,114,62,96,292,280,411,128,46,449,127,458,1353,394,3192,461,115,182,3451,299,315,630,2574,875,132,444,93,22,368,289,137,488,256,402,237,77,133,10,75,211,52,58,23,102,21,9,280,75,258,119,379,235,81,173,62,140,266,167,191,254,147,275,57,143,18,61,632,531,40058
1,9,441,389,758,290,319,1839,1573,5462,24,75,102,42,84,231,261,312,108,44,365,113,345,1108,330,2236,374,78,138,2626,245,295,533,2236,654,132,344,51,23,228,226,126,481,188,341,200,49,94,13,53,181,48,35,20,85,17,12,407,71,208,86,243,186,54,152,47,123,183,136,143,213,100,200,49,115,24,55,1211,553,31536
1,10,405,322,718,291,287,1522,1098,3656,18,91,102,48,101,233,217,325,77,46,280,91,306,930,297,1502,385,74,137,2132,186,253,408,2176,449,118,252,49,14,214,207,103,475,177,300,149,42,80,12,56,154,33,52,12,64,18,16,348,57,179,89,256,162,53,119,54,106,170,109,114,181,94,179,49,82,22,57,1113,493,25846
1,11,439,291,676,291,279,1411,1079,3953,31,102,97,47,102,226,201,338,91,36,290,92,304,828,306,1517,337,89,135,2519,227,256,373,2766,428,115,226,54,22,194,215,103,480,165,288,194,32,92,12,51,165,47,35,28,59,34,11,406,64,184,65,200,165,57,127,47,106,205,132,157,172,93,196,58,90,22,50,1179,454,27008
1,12,435,326,708,299,353,1657,1238,4623,17,127,105,57,96,263,300,362,119,42,273,112,328,931,297,1870,397,109,144,3009,226,257,425,3266,562,146,281,58,25,217,211,105,509,225,382,165,49,113,18,41,193,48,45,25,90,25,12,328,63,191,88,234,190,62,125,51,118,248,151,177,188,100,190,39,119,23,64,1185,471,30721
1,13,497,421,799,385,412,1926,1476,5590,22,124,103,61,119,299,333,407,111,72,386,118,407,1096,396,2241,579,106,219,3468,316,321,560,3645,622,194,364,75,30,320,260,169,636,245,384,260,57,130,22,69,222,67,46,18,101,17,24,581,104,195,110,305,250,59,152,71,133,238,203,195,268,132,275,54,121,22,68,1340,573,36796
1,14,600,492,861,417,440,1994,1653,6596,35,136,114,58,138,296,326,448,153,64,421,137,414,1317,446,2625,611,107,238,4177,358,360,699,4273,842,242,418,101,40,331,283,145,733,320,431,322,65,135,18,61,233,63,66,22,112,34,13,542,103,198,128,369,218,84,161,68,116,267,197,228,290,155,295,64,115,19,91,1311,613,41666
1,15,541,504,844,438,420,2079,1727,6598,25,192,136,64,162,323,324,451,129,42,346,133,460,1412,471,2690,540,140,215,4401,352,366,614,4552,884,231,470,69,38,302,308,183,799,292,405,282,55,145,20,63,261,70,70,18,118,36,14,615,124,194,116,312,274,76,178,68,143,242,219,257,249,153,269,55,155,41,105,1722,656,43047
1,16,550,496,847,460,453,1987,1653,6807,41,126,132,93,160,316,318,471,130,38,380,134,488,1253,429,2200,538,122,216,4973,362,338,603,5593,779,202,378,62,45,290,258,153,895,330,403,274,67,151,28,52,258,98,69,21,115,23,14,448,121,238,118,278,274,99,156,73,131,221,194,213,259,145,278,67,118,28,82,1443,591,43247
1,17,565,454,965,554,579,2273,2118,9057,34,171,131,76,148,255,308,481,137,52,375,154,543,1457,446,2689,546,98,233,6464,386,314,558,7680,841,230,355,64,46,342,299,164,851,314,368,297,66,152,27,70,284,56,73,23,106,23,24,574,133,209,124,231,275,73,132,81,142,204,208,206,266,149,271,68,128,46,113,1681,680,51370
1,18,525,404,1029,580,676,2891,2561,9409,36,134,125,84,149,316,301,500,104,35,324,143,528,1661,422,3009,491,110,210,5982,339,302,475,7780,758,243,331,65,32,336,290,113,822,272,372,331,50,134,19,71,260,50,60,30,96,25,33,594,116,188,102,250,236,60,128,60,108,197,194,192,289,116,252,99,110,18,104,1621,716,52178
1,19,466,391,1006,471,563,2812,2474,9389,44,107,120,48,118,264,277,431,128,46,321,134,460,1608,349,2722,496,110,216,5585,307,280,488,6416,678,279,294,50,43,267,235,124,645,248,356,291,41,100,13,50,207,58,70,25,75,21,12,719,95,174,86,249,189,79,125,53,114,199,174,198,235,116,209,51,125,16,82,1969,624,48710
1,20,451,383,818,448,500,2285,2385,8761,40,95,103,65,119,259,271,413,136,38,294,102,407,1492,336,2362,492,114,173,5052,289,220,446,5394,628,294,286,56,48,246,171,129,551,237,351,287,48,116,12,54,232,48,49,17,107,17,14,578,94,165,113,189,178,53,133,46,96,165,143,195,249,111,231,59,117,24,90,2001,594,44365
1,21,442,351,892,466,539,2435,2461,8535,37,112,119,61,127,247,245,398,102,29,254,87,422,1536,344,2495,477,105,179,4900,259,221,445,4577,571,273,284,55,60,270,182,125,570,231,321,291,53,114,10,63,210,50,55,20,64,20,17,833,96,176,97,219,175,44,109,50,137,199,171,168,242,115,224,66,114,33,96,2042,556,43770
1,22,472,365,942,465,532,2431,2289,7601,29,125,132,53,127,268,258,424,83,53,288,103,458,1497,375,2419,471,104,169,5138,295,229,439,4562,546,210,265,45,49,220,188,132,584,210,366,281,43,82,25,51,252,59,50,12,80,23,18,517,105,168,102,180,186,43,111,75,136,190,142,187,235,129,228,50,113,34,90,1273,576,41857
1,23,468,291,717,380,484,2111,1717,6686,42,102,85,56,118,232,198,348,86,34,250,94,401,1428,269,2282,395,99,192,4417,280,217,399,4201,518,186,229,43,51,226,154,92,531,201,281,244,39,104,17,50,231,44,43,16,75,19,14,425,94,151,87,191,205,49,99,61,93,166,130,171,238,108,200,69,91,25,79,1244,501,36964
2,0,374,210,752,359,406,1989,1581,5838,34,80,80,43,65,189,184,309,73,26,178,82,361,1410,251,2128,307,94,148,3455,184,147,333,3776,416,180,185,41,47,170,123,92,452,153,230,203,41,64,10,43,165,23,37,18,56,10,10,461,65,108,66,133,126,40,57,32,63,88,99,135,200,65,154,53,82,30,65,1285,500,32122
2,1,302,213,539,308,375,1821,1442,4905,50,82,78,31,46,158,143,251,59,17,133,52,295,1061,180,1748,283,58,92,2705,143,128,271,3049,344,135,150,35,41,165,92,51,334,116,150,171,21,53,11,30,157,15,24,11,52,12,8,305,44,80,59,106,96,26,52,28,46,87,87,97,151,41,148,58,61,35,49,1032,377,26261
2,2,228,173,396,248,282,1426,1121,3937,33,94,57,19,45,152,124,239,50,13,132,51,233,924,138,1398,239,66,96,2019,147,109,199,2362,266,144,108,25,21,103,57,62,247,110,130,116,22,46,9,26,97,16,22,9,45,15,4,232,27,67,42,85,79,30,38,24,36,72,64,98,128,52,87,71,44,32,41,895,298,20992
2,3,243,132,393,239,259,1237,1095,3442,11,86,72,31,32,124,112,197,43,17,127,40,202,856,117,1274,252,66,88,1834,122,89,189,1663,192,106,101,13,29,90,69,42,161,102,144,115,19,29,3,19,84,17,25,11,45,12,6,342,30,61,39,99,93,26,45,23,37,85,74,85,120,42,104,64,39,21,38,882,295,18762
2,4,274,184,446,238,248,1293,985,2951,20,56,60,21,47,160,119,223,52,17,130,53,218,837,179,1141,274,68,104,1788,134,109,192,1512,210,83,93,23,22,110,86,64,181,92,143,147,17,43,6,27,91,10,28,11,58,18,4,246,32,109,50,62,103,29,57,26,35,111,94,115,143,53,131,57,64,18,37,607,298,18177
2,5,312,172,473,251,333,1292,924,2704,19,61,61,37,41,155,146,232,73,29,205,71,240,817,231,1197,357,87,115,1511,191,159,221,1230,276,62,104,25,42,132,123,80,172,128,217,141,37,62,12,30,150,25,43,17,65,15,10,228,47,122,52,99,138,47,72,36,66,158,100,112,153,87,172,33,58,18,48,604,273,18638
2,6,418,281,630,296,396,2038,1528,3486,35,81,83,49,65,203,239,344,100,38,305,136,406,1061,315,1767,405,88,154,1568,209,222,374,1386,406,99,180,69,47,208,170,110,278,153,307,170,41,94,10,47,211,36,28,23,61,29,11,259,45,167,81,174,223,69,136,42,93,178,116,131,199,128,220,32,128,22,50,687,438,25112
2,7,474,523,919,393,560,2891,2387,6040,40,144,117,64,112,330,369,515,130,55,416,188,447,1517,491,2963,474,113,214,2636,260,342,592,2058,698,151,379,78,36,345,294,156,412,290,418,278,66,129,19,82,267,39,56,25,111,20,12,338,92,260,121,364,271,108,189,75,163,286,157,178,304,167,279,56,159,20,75,742,612,38151
2,8,515,542,921,427,503,2715,2701,8410,40,134,137,70,104,299,363,462,152,57,476,139,500,1535,416,3668,562,101,221,3744,316,400,733,2860,936,140,524,112,33,389,332,170,518,285,457,287,82,138,22,82,233,52,63,32,119,26,13,396,107,285,139,399,236,73,207,73,182,279,198,215,281,163,308,61,172,26,70,768,588,44494
2,9,460,404,854,370,422,2241,1739,6052,23,117,140,44,98,266,310,535,97,45,361,114,450,1350,389,2681,441,114,151,3001,241,344,560,2493,706,152,408,61,25,294,265,143,475,218,363,208,53,99,19,57,193,50,45,17,91,15,8,407,82,241,117,311,203,60,157,62,128,230,145,166,227,117,234,54,121,22,62,1317,607,35942
2,10,424,382,824,293,349,1768,1330,4236,17,92,121,57,97,235,266,383,135,51,332,114,355,1068,367,1751,401,83,142,2546,209,278,535,2475,517,109,292,55,19,210,218,104,531,199,355,178,59,99,14,38,205,42,48,21,80,22,6,450,69,185,92,315,157,65,135,48,116,195,112,148,190,118,196,60,109,25,65,1093,531,29611
2,11,440,380,657,297,340,1626,1239,4535,33,108,132,55,94,229,281,366,104,41,324,97,375,978,309,1782,427,92,155,3150,236,300,435,3155,566,122,273,75,27,247,189,115,552,188,337,211,59,106,13,57,202,31,71,20,76,30,14,437,64,178,92,216,193,53,144,65,139,233,154,137,203,136,221,62,106,29,46,1284,529,31074
2,12,468,389,783,338,410,1808,1458,5281,25,94,110,72,103,275,296,424,137,52,331,119,415,1076,358,2115,463,117,192,3530,278,299,505,3702,678,149,347,62,35,259,191,133,645,267,353,207,60,111,13,51,212,47,49,30,89,30,13,491,86,198,101,226,221,57,118,61,111,211,150,193,223,138,216,68,133,23,76,1343,502,35000
2,13,510,481,829,400,442,2044,1701,6428,22,142,151,58,127,285,328,494,148,63,429,146,463,1312,442,2523,573,129,246,4120,378,337,648,4296,777,206,408,82,24,314,287,178,737,311,412,259,61,122,22,66,258,66,47,32,124,24,12,686,112,225,107,339,260,63,185,79,171,251,196,211,261,131,330,73,163,22,85,1474,592,41540
2,14,603,498,904,471,506,2307,1788,7554,40,145,136,78,141,333,350,473,121,70,423,161,499,1554,527,3010,659,153,265,4831,437,402,855,4789,1014,224,527,121,52,379,298,165,814,304,433,310,71,155,21,78,265,55,63,18,124,53,20,720,134,263,137,418,306,76,210,81,159,312,203,251,315,156,303,62,128,26,93,1546,651,47197
2,15,537,559,953,532,562,2360,1984,7803,35,150,145,80,169,335,317,614,140,78,421,175,518,1534,519,3127,579,160,253,5209,422,399,755,5352,1041,200,488,90,53,341,314,181,972,332,431,334,75,151,20,79,235,72,80,25,103,28,13,729,151,234,144,350,297,123,189,73,154,259,200,246,297,196,296,62,151,38,126,1888,723,49360
2,16,560,517,923,531,575,2263,1995,8298,35,169,166,98,199,336,319,506,154,54,461,171,535,1536,491,2667,551,136,231,6019,373,322,682,6685,888,231,379,82,50,328,286,144,1062,293,428,350,70,148,25,72,235,87,78,25,137,23,16,558,168,247,143,336,299,110,195,73,142,244,195,250,296,173,278,66,108,21,93,1688,611,50289
2,17,569,485,1088,625,765,2745,2690,10878,49,173,167,90,178,316,358,540,150,36,433,152,710,1883,419,3274,548,106,231,7662,349,349,663,8947,1185,220,350,70,49,320,323,147,993,283,379,314,78,142,26,71,230,60,71,26,115,23,31,697,135,231,142,312,253,80,137,78,144,227,171,222,252,174,258,100,140,34,123,1778,697,59519
2,18,616,483,1202,682,844,3671,3472,11720,42,161,160,86,164,338,322,607,120,60,350,145,578,2071,421,3859,480,132,190,7426,382,322,688,8895,1113,247,367,82,52,331,301,119,980,293,404,333,46,116,16,65,230,44,82,14,83,32,17,802,143,186,141,303,255,68,135,64,112,192,178,214,284,134,235,87,121,35,106,1895,742,62488
2,19,523,394,1127,565,710,3387,3346,11154,28,110,134,61,131,284,344,481,113,47,305,127,592,2013,394,3488,470,129,182,6390,293,248,590,7509,1033,283,306,72,53,275,288,130,759,231,312,291,52,121,11,56,217,64,66,18,77,13,11,805,95,174,127,254,204,83,126,40,116,183,155,180,236,113,249,71,96,26,88,2344,701,56874
2,20,492,385,928,443,554,2781,2899,10221,56,140,120,67,125,269,274,483,116,36,295,99,504,1706,350,3067,507,97,203,6072,319,243,504,6115,715,273,290,63,36,298,209,125,693,235,282,268,42,102,8,63,220,37,47,19,107,16,16,786,98,152,141,221,207,58,133,58,103,150,159,186,239,116,227,65,102,29,91,2298,626,50879
2,21,492,372,975,559,596,2982,3162,10218,40,134,123,53,141,258,269,423,91,39,271,93,511,1785,331,2957,486,97,174,6927,322,232,530,5416,748,268,253,51,57,252,176,129,648,223,293,294,39,96,14,62,226,35,62,20,71,28,11,898,101,171,105,204,208,54,123,56,126,189,191,196,242,110,220,52,96,38,101,2325,661,51582
2,22,494,356,1096,533,641,3045,2943,9484,49,119,134,63,136,245,265,462,84,42,294,91,530,1858,337,2959,438,124,198,6431,330,283,626,5683,660,208,283,46,46,243,186,133,648,201,310,284,45,83,24,51,232,51,46,18,77,21,22,686,100,145,128,205,205,56,120,66,114,193,161,191,217,111,204,51,120,30,86,1621,605,49706
2,23,474,301,893,507,629,2702,2340,7991,41,117,119,50,102,234,248,426,91,29,240,103,493,1697,282,2912,378,80,172,5197,259,228,530,4477,664,176,220,45,44,214,180,93,636,190,299,308,48,97,20,53,217,44,45,9,66,15,14,577,97,178,95,220,193,52,72,57,87,146,136,152,237,80,177,71,81,37,65,1682,554,43085
3,0,426,257,801,459,547,2686,2206,7317,48,98,92,33,74,223,190,383,66,31,191,72,399,1677,238,2831,294,62,129,4092,183,151,461,4075,550,159,181,41,59,192,148,96,576,155,235,217,40,74,14,39,175,28,42,7,50,18,8,654,80,132,87,139,138,37,65,40,59,95,117,133,191,59,150,39,84,39,58,1455,510,38257
3,1,305,170,621,407,400,2146,2150,5977,46,70,77,36,41,168,122,272,50,17,121,56,377,1356,197,2281,253,63,111,3306,130,110,366,3550,458,152,161,20,33,151,110,71,393,131,151,154,23,47,14,16,141,27,21,11,45,14,2,394,46,90,54,107,115,24,49,24,34,94,80,104,144,47,107,33,40,47,38,1172,407,30948
3,2,258,165,421,299,290,1618,1423,4532,42,75,67,24,36,139,98,219,44,20,134,48,310,1116,155,1718,213,59,80,2541,139,104,264,2567,287,124,122,22,28,111,84,48,321,112,113,122,8,32,4,20,103,18,26,7,20,7,8,347,21,63,33,76,69,9,34,25,35,69,74,72,112,45,95,32,42,29,44,1198,323,23812
3,3,205,155,453,305,321,1486,1350,4145,19,84,58,30,39,143,102,199,45,14,116,55,248,971,164,1454,197,53,82,2694,129,96,234,1803,230,89,69,16,28,91,75,45,236,83,129,107,10,30,7,14,93,14,21,10,30,17,5,412,28,75,38,85,86,23,39,19,27,75,74,83,116,42,81,26,33,13,33,966,264,21536
3,4,279,193,564,256,299,1474,1321,3528,14,77,66,13,41,144,140,210,48,22,146,43,288,946,203,1498,251,59,94,2291,134,112,350,1739,263,79,103,25,26,108,77,55,182,92,135,130,21,42,5,20,93,7,37,13,56,10,5,301,35,135,48,86,116,44,76,31,44,105,91,91,121,44,120,24,58,13,34,852,353,21249
3,5,313,206,502,249,346,1460,1139,3204,30,67,64,21,46,189,179,240,87,20,192,81,276,974,226,1439,339,51,142,1686,167,168,276,1242,281,69,135,26,35,157,112,71,225,115,200,141,29,57,5,28,107,16,39,18,48,17,10,272,50,174,45,124,128,43,84,38,65,159,107,107,151,83,162,23,60,13,50,828,347,20675
3,6,410,285,666,332,460,2269,1739,3971,37,100,87,44,66,210,261,339,97,44,301,147,406,1176,326,2089,408,86,157,1830,212,235,445,1433,396,84,182,71,50,185,171,95,272,173,315,153,44,108,17,40,189,38,29,12,63,20,12,314,62,186,71,205,202,62,127,46,75,182,107,136,185,136,197,34,124,20,52,935,412,27257
3,7,508,524,958,405,584,3122,2918,6769,46,124,126,75,94,348,368,497,157,55,419,168,478,1611,524,3426,545,108,229,2804,273,338,615,2143,794,152,446,72,35,344,298,155,415,306,450,225,81,132,20,93,275,42,51,28,106,24,21,371,106,266,133,333,251,107,174,75,158,308,158,173,312,166,296,61,176,20,74,661,626,40929
3,8,595,528,969,463,541,3030,3030,9454,34,155,137,59,113,337,362,479,145,59,478,125,579,1694,455,3951,574,109,223,4116,323,390,770,3127,1040,162,534,102,31,377,347,156,550,291,555,273,72,168,14,83,260,60,77,29,116,21,13,392,104,288,143,446,269,86,189,89,143,241,202,230,285,142,330,47,178,22,72,612,660,47905
3,9,539,443,935,400,472,2564,2103,6893,34,104,110,55,108,269,297,415,149,50,392,117,472,1382,398,2884,468,120,196,3503,297,344,555,2875,850,146,398,62,23,294,301,148,502,249,386,231,65,131,19,66,203,50,53,19,102,28,11,454,93,251,118,294,226,52,155,49,134,233,146,188,273,145,260,64,130,23,58,1202,637,39465
3,10,486,386,913,376,374,2047,1524,5225,29,109,130,59,129,273,273,453,129,49,321,138,373,1149,402,2065,482,105,155,2932,259,289,554,3057,594,133,321,51,27,246,236,130,547,227,355,203,44,123,16,47,175,46,63,14,87,32,5,327,69,221,112,323,209,72,165,56,130,221,149,167,231,114,219,43,94,23,63,1019,594,33588
3,11,483,412,854,365,372,1899,1499,5712,23,126,121,54,119,277,244,404,111,48,332,113,382,1067,368,1999,452,104,206,3587,287,338,482,4206,666,130,292,61,38,261,238,125,662,243,346,227,61,103,22,73,224,47,52,23,91,34,9,439,77,193,111,267,206,78,136,51,140,273,155,139,237,137,251,72,115,16,59,1284,568,36078
3,12,508,419,850,363,412,2193,1681,6589,35,134,118,72,125,279,298,439,139,48,354,113,424,1218,355,2143,455,125,204,4225,328,314,565,4804,787,174,347,93,32,264,243,120,678,269,379,234,51,124,28,68,227,58,52,33,100,28,12,446,100,204,96,271,249,55,144,59,121,237,136,198,245,128,252,55,131,22,94,1244,557,39774
3,13,571,500,913,464,456,2340,1870,7244,36,120,135,80,154,334,375,528,164,62,435,148,456,1430,466,2648,674,134,249,4609,368,343,624,4766,947,209,445,92,37,344,310,170,757,306,465,292,70,160,21,78,250,62,71,25,114,39,15,700,116,228,108,340,266,91,188,68,147,313,233,232,285,188,367,73,157,30,96,1603,628,45432
3,14,648,575,979,531,537,2515,2061,8434,47,178,162,88,163,367,383,540,154,55,433,152,535,1651,530,3275,711,170,274,5387,424,406,832,5533,1166,224,508,135,50,424,364,189,890,338,461,360,80,166,28,72,266,69,82,26,124,34,12,701,144,257,143,431,288,77,196,98,158,284,219,281,321,181,332,72,158,34,100,1464,735,51472
3,15,567,560,1047,593,629,2716,2309,8801,47,224,140,77,172,364,373,554,154,61,431,181,627,1688,520,3312,608,145,258,5871,434,394,792,6246,1175,258,552,92,65,399,320,181,1038,336,437,373,82,155,20,85,261,74,74,21,128,34,12,727,144,247,137,341,337,88,183,70,169,285,270,230,310,197,334,73,169,31,142,1968,801,54320
3,16,605,522,1046,573,653,2612,2269,9552,45,190,155,105,212,396,373,561,171,62,470,177,601,1732,497,3137,656,160,230,6644,460,403,653,7690,1274,210,426,70,39,353,323,185,1096,343,422,343,66,155,20,63,295,74,81,19,109,35,12,662,161,245,154,369,334,114,195,84,154,291,208,247,318,189,316,78,129,29,113,1684,724,56423
3,17,586,483,1164,712,940,3501,3057,12053,51,190,156,114,195,353,395,600,192,69,405,173,698,2247,449,3900,622,144,280,8036,386,363,707,10051,1426,221,420,73,52,368,263,127,1073,331,428,331,74,182,37,68,280,66,77,29,139,26,32,726,176,234,154,338,307,70,157,61,158,241,188,257,298,216,293,108,146,42,133,1931,825,66454
3,18,665,463,1401,827,1049,4513,4120,13662,65,194,166,100,165,408,387,678,162,66,396,145,740,2665,477,4740,610,132,266,8151,400,332,694,10180,1457,252,364,83,41,367,314,133,943,341,421,344,70,130,22,68,257,54,84,23,100,31,28,802,140,234,155,341,260,74,140,92,162,194,217,223,275,167,267,106,132,50,127,1784,951,71839
3,19,623,429,1291,678,898,4407,4052,13656,48,143,157,91,147,323,336,609,142,41,400,158,746,2459,419,4448,542,132,234,7540,376,279,655,8913,1150,287,365,74,59,353,283,136,908,271,429,310,68,125,28,73,227,70,62,20,97,17,23,960,108,168,155,291,220,88,129,65,123,207,181,262,259,146,258,106,131,41,107,2487,832,68131
3,20,531,429,1033,592,732,3702,3631,12323,39,160,107,57,149,267,287,531,133,47,321,111,667,2184,375,3607,462,128,232,6931,336,280,650,7322,942,329,353,72,44,311,236,114,828,249,336,322,56,118,23,59,232,63,55,22,101,15,20,810,108,186,127,243,239,70,125,57,118,191,183,185,245,126,236,61,115,35,91,2755,753,60315
3,21,566,372,1097,605,706,4109,4006,12438,54,150,159,61,173,296,272,508,116,55,316,117,659,2255,381,3698,478,129,210,6418,357,248,612,7250,905,301,300,63,41,306,195,122,818,214,352,342,51,95,11,67,243,67,68,15,93,37,10,875,111,182,107,259,250,63,116,65,139,182,202,219,269,162,242,71,155,28,109,2701,752,60846
3,22,495,417,1039,606,767,4195,4092,12670,69,138,134,67,129,290,289,529,114,49,341,105,697,2378,392,4066,516,147,194,7620,321,258,627,7500,932,247,320,60,59,261,177,124,840,230,374,296,45,104,20,46,251,59,64,11,96,23,16,835,121,161,111,228,223,61,112,90,100,184,151,187,265,133,231,104,117,40,73,1931,759,62123
3,23,579,359,1077,600,845,3950,3513,11774,69,138,146,69,102,312,269,473,110,48,283,87,659,2377,333,4283,435,96,212,7675,297,254,756,6093,842,242,263,52,75,252,166,110,783,225,281,269,53,92,20,50,255,55,49,14,85,14,18,627,108,178,117,231,191,48,136,53,105,170,138,179,240,116,197,109,102,59,90,1792,751,58275
4,0,474,286,1019,574,771,3792,3471,10116,69,124,126,44,108,232,213,486,81,35,214,93,558,2287,249,3922,321,67,172,5291,215,183,579,5079,798,188,220,27,50,202,147,104,623,168,222,221,35,77,12,42,196,29,56,14,50,15,11,739,86,123,88,195,139,42,87,59,81,106,113,142,213,92,161,113,76,62,56,1686,647,49864
4,1,400,209,852,461,573,3327,3255,8804,85,119,74,42,69,211,151,387,71,24,160,65,455,1985,221,3309,282,74,130,4186,183,129,437,4308,574,157,172,20,34,171,124,84,449,142,178,187,32,61,14,43,160,16,26,17,50,14,6,575,57,99,57,124,133,29,70,55,52,89,86,99,203,30,121,106,63,53,56,1370,563,41859
4,2,294,173,569,329,397,2209,2068,6285,73,120,78,36,52,157,134,299,53,13,151,57,346,1483,164,2208,270,61,97,2977,134,110,337,3097,367,136,135,22,27,127,96,56,332,110,138,153,10,44,5,36,114,19,21,7,35,11,5,442,42,78,47,101,110,28,47,36,57,69,75,89,151,50,90,86,47,70,47,1395,410,30404
4,3,265,151,506,307,346,1883,1670,5120,25,73,77,28,41,143,125,253,57,18,124,54,330,1179,172,1785,213,60,79,2426,118,110,289,2285,376,105,108,21,33,93,66,61,300,90,170,146,21,48,7,15,115,16,25,8,48,19,7,480,36,78,48,88,75,18,50,29,33,69,66,95,133,49,101,54,49,17,45,1431,383,25637
4,4,290,162,533,313,323,1940,1733,4568,29,79,79,35,52,170,117,253,78,24,173,60,355,1206,206,1831,294,55,105,2626,137,128,304,2084,336,94,121,35,32,119,86,67,281,89,155,148,24,49,8,38,94,24,27,13,61,14,8,442,33,128,62,95,119,31,66,37,41,109,93,97,155,41,114,40,55,22,36,981,390,25452
4,5,342,189,569,290,403,1873,1557,4325,29,74,57,29,38,197,211,332,73,11,225,54,315,1170,251,1845,336,95,128,2755,195,190,387,1652,315,95,154,38,31,138,108,79,222,135,233,168,31,75,9,28,132,17,39,21,65,11,14,325,52,170,50,116,168,43,86,47,76,159,96,122,176,86,193,31,67,16,63,910,414,25821
4,6,469,317,748,356,437,2562,1972,4826,37,88,95,49,79,249,309,393,111,53,316,155,480,1373,348,2436,445,126,144,2345,200,267,528,1731,489,84,197,48,38,227,194,122,328,180,358,208,43,106,17,47,217,34,39,16,77,18,13,372,65,180,80,206,222,72,134,49,127,212,148,132,216,145,226,50,139,19,51,910,489,31388
4,7,565,533,996,493,599,3317,3022,6841,51,177,136,62,124,384,397,570,163,77,461,175,586,1830,530,3384,544,130,233,2997,305,363,676,2189,745,133,400,79,39,328,277,148,456,287,457,290,57,163,18,88,307,51,53,19,119,28,16,442,114,290,123,378,281,109,221,88,168,316,205,190,306,182,327,81,183,29,75,670,617,42863
4,8,611,556,1053,479,551,3343,3198,8930,35,149,157,70,105,389,426,554,181,77,564,182,586,1826,511,4006,673,135,255,3884,335,437,742,2865,983,140,575,118,39,376,357,171,543,348,563,342,89,184,20,95,288,50,76,30,117,32,15,460,102,328,149,483,262,101,193,72,155,310,243,225,332,193,374,62,170,21,87,646,697,49081
4,9,538,440,1005,421,449,2713,2394,6976,35,104,112,68,108,324,337,446,131,71,450,172,524,1478,428,2860,538,137,195,3259,304,365,599,2806,842,134,439,82,27,328,268,156,555,267,460,240,76,131,18,72,260,45,57,15,132,31,10,459,98,289,128,347,242,76,183,64,139,309,175,213,267,152,276,71,133,26,76,1041,634,40830
4,10,558,431,994,384,442,2291,1946,5881,30,127,118,62,130,326,294,468,145,60,386,135,475,1348,431,2323,479,135,214,3230,292,313,572,3124,699,133,345,69,28,287,249,149,608,236,446,272,91,103,13,54,220,44,70,18,112,28,16,379,73,239,122,347,227,75,168,52,151,270,181,173,269,170,271,57,111,29,75,1002,647,37522
4,11,484,440,896,378,498,2182,1821,6178,39,117,146,68,122,275,311,447,127,55,389,134,426,1190,394,2229,547,123,193,3882,301,340,524,4161,783,125,361,79,40,304,256,138,639,272,443,296,74,117,23,75,247,53,78,24,99,36,16,432,98,216,124,311,231,68,158,81,142,276,181,187,242,162,258,65,144,34,81,1247,594,39327
4,12,548,441,922,456,528,2437,1939,7327,28,132,132,75,146,322,338,478,130,47,376,143,494,1279,430,2437,640,137,211,4687,341,342,599,5190,936,210,365,71,41,306,239,141,746,323,442,299,71,143,28,66,273,45,62,41,106,29,17,566,92,259,139,273,269,89,163,81,147,261,176,218,313,158,315,60,145,21,85,1371,654,44587
4,13,610,546,1002,538,573,2790,2298,8270,41,150,163,76,151,333,406,572,162,79,498,192,568,1624,581,2982,796,178,297,5011,459,431,788,5499,1124,254,513,102,34,358,334,203,883,324,536,330,80,189,25,78,306,109,54,25,137,40,20,707,127,286,127,368,299,92,204,77,169,325,222,292,333,206,404,103,199,26,106,1596,699,51689
4,14,680,729,1168,610,677,2992,2613,9929,36,163,193,110,182,394,444,572,181,78,553,196,603,1906,583,3738,944,184,298,5972,543,488,963,6399,1350,294,591,123,68,511,402,221,988,447,574,426,99,202,30,112,343,87,73,38,133,39,20,732,145,301,164,434,295,96,243,81,189,337,250,296,393,222,394,81,201,31,129,1576,849,59731
4,15,713,701,1256,655,715,3293,2950,10889,48,239,175,80,184,471,494,678,149,74,595,186,677,2130,667,3903,745,174,294,6732,515,443,944,6990,1430,313,589,106,74,424,362,211,1140,367,563,468,86,190,23,107,365,80,90,36,177,51,20,820,181,329,197,446,386,132,254,81,213,316,245,322,348,230,335,97,216,39,159,1972,961,64310
4,16,667,647,1292,686,807,3758,3092,11794,68,192,204,103,199,453,457,668,183,82,568,235,730,2171,587,3864,751,183,291,7240,450,442,797,8132,1439,287,512,98,79,416,368,213,1192,401,548,422,79,176,25,86,327,79,83,32,126,36,22,684,145,304,170,453,363,113,235,111,207,339,233,291,363,217,395,104,182,45,161,1783,931,66668
4,17,706,557,1590,870,1100,4723,4231,13821,72,271,227,128,209,432,472,801,173,70,519,182,889,2712,578,4815,734,158,266,8343,481,374,776,9767,1694,323,490,94,78,404,359,182,1172,366,500,457,73,178,22,84,288,75,106,29,146,43,27,667,153,287,185,388,371,93,185,100,197,306,252,292,347,201,354,121,178,47,150,1884,979,75974
4,18,819,562,1865,1030,1346,6213,5579,16104,93,267,240,146,189,527,534,903,227,64,522,177,970,3402,546,6129,755,171,262,9220,455,371,876,9813,1694,310,462,104,65,438,388,155,1118,356,508,469,85,173,21,89,321,56,83,23,120,36,29,824,158,293,195,487,317,115,169,99,160,276,211,228,362,182,361,154,175,78,149,1772,1070,85315
4,19,766,542,1911,1005,1282,6620,6105,16353,110,270,244,136,185,512,476,750,186,71,501,181,950,3567,512,6439,745,175,260,8428,454,381,900,8681,1697,386,428,111,63,428,358,147,969,321,530,445,87,163,21,80,280,73,83,26,109,39,22,889,127,233,181,435,319,80,161,95,194,290,215,273,340,182,338,118,184,80,125,2257,1247,84927
4,20,758,578,1551,866,989,5491,5372,14517,98,233,184,99,161,440,459,717,182,59,434,160,867,3210,546,5338,741,165,262,7092,397,375,872,7136,1595,413,405,76,66,394,272,184,852,320,447,411,64,146,18,86,309,55,74,22,113,23,26,845,154,286,153,395,338,93,165,81,173,289,221,244,299,160,317,122,157,64,150,2037,992,74455
4,21,720,555,1467,817,985,5582,5382,13896,101,223,184,82,176,399,479,719,153,65,465,164,862,3094,519,5028,667,183,264,7840,416,328,857,6828,1380,423,344,81,59,388,300,165,785,292,441,459,61,123,11,67,308,71,77,28,113,32,26,909,133,238,170,403,335,78,178,83,150,258,227,237,343,149,319,108,175,72,137,2187,1082,73505
4,22,745,523,1758,891,1082,6303,5790,15381,145,239,242,125,181,406,422,820,191,60,463,170,926,3510,555,5856,673,177,275,8658,451,348,1015,7222,1920,397,418,91,70,372,307,148,867,302,441,379,58,147,20,70,322,65,78,32,128,29,15,718,125,257,178,403,306,86,186,106,184,280,217,276,344,156,302,149,162,88,147,1714,1127,79790
4,23,812,510,2043,1034,1229,7262,6121,16249,184,241,227,113,142,409,471,832,168,58,394,143,1006,3898,451,6908,631,147,251,8132,343,351,1094,6667,1586,323,390,66,83,356,264,140,931,301,366,353,52,122,30,75,297,61,72,18,101,13,16,624,120,244,156,442,298,65,157,106,133,218,192,234,317,155,270,145,139,107,134,1525,1171,81489
5,0,938,530,2874,1252,1569,10011,7540,20265,263,271,246,115,135,522,525,911,200,77,449,174,1227,5230,518,8658,665,172,294,9074,357,329,1189,7097,1486,393,388,52,88,337,316,175,1142,264,339,389,86,121,22,84,295,50,70,23,112,26,14,784,152,253,149,442,286,67,137,103,138,218,201,246,386,122,277,169,125,144,118,1897,1371,97734
5,1,835,406,2469,1171,1395,9482,7176,18842,297,271,192,96,96,464,466,861,193,57,358,141,1128,5175,452,8097,584,138,259,7365,296,281,1250,5247,1230,371,315,59,91,322,230,112,915,251,345,309,50,104,14,66,272,32,49,14,98,39,10,697,123,219,132,371,221,68,129,94,118,220,157,212,329,116,209,186,100,187,101,1673,1234,87734
5,2,671,350,1351,759,966,6738,4812,14277,192,304,168,81,102,348,426,646,164,66,318,127,891,3805,357,5531,508,119,237,5040,251,295,886,3996,894,302,228,43,50,230,173,114,638,224,289,271,43,70,10,52,203,19,42,18,68,25,19,575,87,161,93,278,199,49,106,75,100,169,141,129,234,117,180,159,94,175,77,1369,891,64265
5,3,572,298,1009,642,718,4582,3722,10629,48,243,147,50,78,346,287,504,124,35,266,102,737,2537,371,3963,414,125,192,4329,227,244,655,3108,650,278,190,41,41,190,158,101,410,160,221,200,33,73,10,38,157,20,61,25,73,19,12,528,63,152,77,221,135,45,78,78,69,156,122,146,232,93,182,135,88,66,77,1207,696,49111
5,4,549,266,1004,582,656,4007,3035,7953,47,198,169,35,73,275,257,524,126,45,269,118,617,2328,359,3540,450,106,187,3769,249,269,619,2997,819,194,186,39,42,238,113,103,389,188,276,204,37,70,10,46,174,22,69,18,82,33,7,406,53,171,90,200,184,59,116,86,70,157,142,155,231,87,176,91,62,50,70,1111,759,43563
5,5,494,276,1189,565,650,3506,2653,6655,54,162,108,45,75,317,298,445,100,38,278,126,631,2171,364,3453,433,129,167,3274,245,233,631,2295,692,142,201,48,43,198,134,108,399,175,261,221,29,86,7,40,182,34,35,17,67,33,6,399,56,198,83,226,177,62,113,67,84,184,141,177,225,110,205,52,96,44,73,1209,697,39896
5,6,545,354,1311,615,602,3987,2589,6584,77,143,117,62,69,312,335,504,126,47,343,130,686,2430,408,3433,495,89,191,3194,273,260,624,1968,626,162,206,49,47,210,155,106,444,214,284,219,42,99,14,49,225,25,38,18,74,22,14,345,82,207,68,212,190,73,118,73,120,183,149,163,253,100,221,58,109,34,55,1177,696,40931
5,7,580,414,1350,580,565,4018,2545,6914,80,141,118,50,100,368,353,459,135,52,419,169,709,2359,440,3411,557,114,197,2758,296,319,693,1873,609,157,269,75,37,237,201,160,482,233,385,239,62,123,10,69,241,39,47,19,94,21,27,401,93,220,87,243,253,66,179,75,110,240,145,196,282,138,257,73,114,41,70,707,715,41677
5,8,773,551,1265,522,608,4228,2578,7038,66,141,161,59,106,414,451,605,140,78,497,206,672,2435,522,3417,575,144,215,2733,334,378,734,2185,676,142,326,68,38,342,263,150,494,302,492,284,55,154,18,68,275,45,80,23,96,33,14,482,116,280,119,291,243,88,201,91,170,287,201,211,327,147,303,74,163,47,95,577,786,44568
5,9,804,559,1371,594,586,4102,2857,7985,41,153,153,43,105,412,428,650,138,54,522,197,723,1982,588,3106,670,139,248,2880,340,439,685,2861,790,186,397,80,35,339,300,165,611,316,509,341,71,177,12,75,268,79,64,14,118,40,21,384,111,293,147,360,286,78,195,75,145,336,231,200,326,167,322,104,166,35,98,956,856,47294
5,10,865,485,1499,591,603,4742,3346,9096,33,149,150,66,144,430,419,619,151,58,502,190,689,2100,551,3520,689,145,238,3945,341,385,684,4075,1020,162,394,88,34,382,336,201,719,347,548,312,82,165,15,100,286,67,106,34,125,57,16,419,99,271,136,422,283,88,188,83,143,302,208,225,298,175,361,75,175,41,101,952,886,53027
5,11,769,536,1513,673,724,4736,3676,9580,46,150,141,57,154,450,429,615,189,68,463,173,657,1996,513,3559,728,147,248,3974,362,373,695,4440,1106,190,462,85,38,399,358,158,834,355,513,381,90,160,25,117,262,51,95,35,109,44,16,360,109,287,163,387,249,87,195,103,149,334,217,218,281,188,333,73,185,37,105,1007,920,54704
5,12,795,504,1503,651,779,4855,3874,10526,53,177,157,95,134,448,401,667,157,72,448,211,684,2211,555,3978,707,188,281,4928,393,417,756,5179,1331,267,435,104,46,399,371,184,1004,372,590,381,91,164,19,100,260,75,70,36,132,32,12,491,113,262,156,360,325,93,198,84,152,314,233,257,319,176,387,73,189,35,96,1144,1048,59764
5,13,819,634,1553,702,806,4853,4005,10975,62,143,163,73,140,433,460,672,151,71,484,190,710,2301,590,4081,772,174,263,5094,403,462,813,5477,1391,373,519,105,50,421,373,215,994,365,593,450,79,181,28,103,321,86,89,34,145,46,12,756,135,273,172,428,328,104,219,82,172,335,250,296,353,192,391,89,187,38,124,1446,1009,62881
5,14,858,710,1707,745,875,5323,4514,12438,58,194,165,99,181,447,482,726,176,77,583,199,820,2613,601,4476,768,160,272,5395,423,432,921,5988,1544,387,467,108,49,453,381,235,1139,409,618,478,92,169,28,98,379,68,91,28,155,47,20,609,130,348,155,523,373,92,223,89,192,336,275,291,442,221,406,82,178,47,129,1288,1063,68361
5,15,908,715,1850,891,995,5956,4920,13747,65,176,168,84,174,520,532,793,204,94,610,211,916,3124,621,5189,799,204,300,5818,474,485,1019,6691,1707,430,466,88,58,459,407,237,1194,425,624,486,105,214,23,105,358,82,98,39,161,43,23,571,148,340,200,486,395,106,207,82,198,360,270,298,399,228,424,124,211,55,136,1603,1239,75165
5,16,1022,684,2007,983,1115,6911,5605,15652,72,263,195,108,187,524,512,892,234,102,655,229,1002,3361,650,5738,873,236,357,6475,468,482,948,7923,2043,395,531,102,69,444,417,206,1211,450,629,496,90,216,31,122,370,71,102,34,180,41,21,565,147,348,200,576,370,135,219,120,199,372,246,289,431,181,415,122,232,67,162,1426,1300,82858
5,17,1081,735,2236,1138,1395,8141,6850,17855,84,299,232,128,190,579,635,941,231,84,641,227,1102,3811,620,6603,842,202,270,7070,438,453,972,9216,2201,393,528,111,67,449,383,210,1335,403,606,477,106,193,21,113,332,56,110,37,175,33,31,623,153,279,208,601,316,119,191,98,210,342,257,279,395,160,404,152,208,93,166,1413,1415,91753
5,18,1116,759,2636,1332,1803,9433,8406,20127,137,330,252,193,184,626,714,1048,270,94,608,244,1176,4372,578,7748,859,164,292,8476,469,483,1059,8656,2266,436,563,131,70,507,448,209,1212,411,576,539,100,162,21,106,348,72,104,31,149,38,20,612,160,278,218,585,397,120,211,97,221,318,250,278,377,181,388,168,196,98,173,1417,1696,101602
5,19,1108,704,2746,1345,1909,9892,9065,21055,145,374,332,185,208,641,625,1171,258,86,631,217,1385,4935,677,8405,819,208,319,8952,433,472,1109,8474,1973,520,560,123,65,504,407,221,1187,344,590,430,101,178,22,88,325,67,117,31,148,37,28,796,148,306,209,590,377,117,213,111,232,332,241,293,373,156,408,151,170,103,181,1754,1794,106006
5,20,1018,711,2460,1195,1503,8958,8193,18655,139,349,257,143,190,633,620,965,282,80,589,191,1225,4356,630,7739,871,191,311,7658,495,480,1109,7226,1772,583,518,118,72,485,371,205,1023,366,548,495,109,161,21,81,316,71,90,35,118,40,26,692,144,320,211,552,418,122,222,117,186,302,246,271,378,163,349,144,174,98,174,1696,1520,95545
5,21,968,730,2344,1172,1429,9181,8308,18157,136,338,246,141,170,576,591,1011,281,97,601,230,1223,4647,649,7447,826,177,301,8024,426,476,1165,7776,1819,508,455,95,64,432,355,172,1063,358,501,487,82,163,21,100,296,60,84,37,132,45,17,569,144,305,205,503,391,130,223,125,222,354,257,311,352,208,372,155,171,139,159,1381,1511,95377
5,22,1072,725,2788,1295,1675,9562,8595,19912,186,380,249,169,194,560,731,1124,295,120,639,238,1451,4931,701,8355,826,184,314,8345,483,483,1277,7942,1954,458,429,112,84,459,328,195,1100,357,541,467,82,158,23,94,313,70,88,35,128,20,20,651,152,342,172,532,353,124,236,121,214,339,235,243,406,199,366,172,174,162,157,1068,1575,101309
5,23,1131,635,3172,1490,1843,11013,8790,20683,251,392,291,158,180,663,638,1182,312,107,615,208,1568,5694,606,9258,821,177,305,8528,391,449,1223,8010,2560,416,361,103,71,435,344,185,1005,300,495,446,79,126,29,97,354,68,89,39,145,33,19,629,162,324,218,555,323,117,209,125,187,298,203,257,361,164,299,220,169,234,192,1218,1740,106787
6,0,1102,533,3060,1406,1902,11387,8713,21231,272,371,281,164,137,642,649,1246,289,87,530,207,1366,6225,597,9536,706,150,249,7920,339,370,1299,6274,1859,410,372,68,61,364,301,176,805,267,410,377,75,133,13,64,311,39,83,26,97,27,25,505,133,307,219,506,256,76,203,114,184,261,186,207,335,139,241,211,122,199,171,1222,1691,103091
6,1,851,461,2429,1235,1724,10306,7793,20022,296,358,230,108,101,583,568,1113,262,86,466,159,1298,5958,504,8889,583,133,220,6750,287,342,1117,4558,1213,373,287,50,51,263,205,114,694,246,331,285,57,102,11,64,257,33,56,29,79,25,7,513,108,213,124,407,261,82,132,94,155,199,182,170,261,112,221,270,121,239,127,915,1346,90874
6,2,738,389,1644,906,1146,8366,6063,16155,303,317,184,91,101,494,510,743,202,88,440,102,1103,4627,465,6515,486,121,180,4739,271,267,917,3118,889,385,205,60,63,224,184,122,522,140,286,244,42,85,9,67,175,27,44,28,76,32,5,448,86,161,124,286,203,69,121,90,112,199,153,138,249,78,198,287,78,282,101,783,1022,70973
6,3,662,346,1400,745,949,6202,4250,11569,154,368,185,70,96,369,436,662,203,72,435,135,862,3378,358,4711,460,105,153,3965,251,280,757,2655,707,297,187,41,31,220,141,109,389,179,262,200,20,79,8,42,141,22,47,25,62,32,12,305,69,181,107,290,162,74,115,86,93,173,141,141,196,95,190,225,72,184,111,584,848,54938
6,4,603,346,1348,680,885,4767,3346,9468,65,272,145,56,80,359,364,561,167,36,371,128,802,2845,347,3834,443,121,184,3275,226,263,688,2419,675,228,190,41,52,192,182,94,328,146,260,180,42,73,9,36,162,19,27,27,54,23,8,354,50,178,88,227,157,61,124,69,114,194,132,107,203,102,185,172,67,78,94,485,824,46607
6,5,581,352,1566,719,876,4381,3021,7231,63,225,129,51,96,425,314,579,156,57,341,162,810,2601,413,3850,424,102,186,3002,232,249,697,2403,878,170,186,51,40,217,142,103,320,175,309,198,36,78,11,42,167,27,41,36,76,31,5,277,58,203,99,208,187,47,113,64,88,169,142,139,212,91,193,109,90,77,81,714,784,43778
6,6,561,392,1454,655,818,4498,2797,6841,95,169,120,65,84,403,354,636,161,47,342,164,755,2849,381,3802,451,87,168,2889,274,238,691,2042,741,155,205,40,40,187,173,114,291,162,291,217,33,119,10,38,164,13,38,21,59,18,6,226,69,182,108,210,186,51,111,79,107,190,130,143,220,122,172,74,91,64,97,775,801,42626
6,7,568,448,1257,546,665,4078,2372,6670,82,132,97,53,81,367,322,529,108,47,361,200,690,2633,375,3428,440,95,171,2467,220,256,560,1755,482,120,214,54,28,190,147,133,323,180,302,214,60,103,11,64,184,24,42,15,75,29,14,318,63,184,85,228,188,61,148,68,97,206,139,151,246,117,220,68,99,59,96,621,705,39248
6,8,627,458,1111,503,489,3976,2216,7082,84,130,122,60,107,358,369,516,87,61,372,190,653,2375,385,3220,480,100,157,2179,221,263,578,1739,481,134,218,76,30,226,169,124,355,188,404,216,46,111,4,56,208,38,39,18,85,23,7,291,58,210,101,214,161,56,173,69,114,188,151,163,224,155,199,69,116,68,98,477,622,38501
6,9,783,537,1094,474,523,3966,2226,7085,75,153,156,56,98,379,363,545,153,58,421,130,648,2014,424,2826,537,119,177,2298,292,303,609,2530,599,165,303,53,33,261,249,130,398,255,432,263,60,103,8,87,243,55,56,26,76,29,16,303,87,251,85,298,171,65,150,63,120,237,175,182,249,132,250,89,147,59,80,961,741,40847
6,10,826,534,1278,542,587,4084,2779,8508,36,177,160,57,117,414,411,610,121,51,505,153,670,1909,507,3095,602,109,195,2925,292,362,608,3503,809,185,364,73,43,300,299,160,539,296,498,275,75,167,26,76,230,60,59,20,134,27,9,271,69,255,125,341,218,89,143,82,142,259,207,194,265,167,271,93,165,35,99,933,844,46718
6,11,759,515,1307,545,677,4368,3252,8936,50,172,138,70,126,469,392,586,187,69,445,162,619,1981,461,3418,606,119,249,3529,336,349,655,4052,1048,189,386,102,36,323,319,176,548,313,524,319,68,138,11,73,249,47,74,23,107,49,17,432,93,236,133,387,219,84,179,112,139,296,202,199,311,176,316,64,160,45,95,1076,864,50556
6,12,689,476,1342,519,684,4418,3367,9505,47,145,144,63,120,428,406,584,123,77,439,189,605,1948,457,3430,670,111,238,3914,323,366,703,4527,1047,240,391,79,44,346,316,170,692,284,488,321,61,141,14,58,230,72,60,13,106,40,7,551,82,234,138,327,220,82,151,89,144,252,191,192,277,155,303,55,158,37,93,1188,882,52078
6,13,722,540,1363,584,627,3843,3168,9046,42,132,159,65,134,413,427,568,150,57,470,210,603,1967,465,3416,612,126,234,3752,319,350,669,4577,999,324,364,67,45,346,294,165,771,321,551,343,52,145,17,92,242,70,78,20,134,30,15,701,103,245,131,366,293,86,177,77,127,316,219,219,320,163,341,64,153,38,101,1446,941,51922
6,14,716,631,1481,618,668,4167,3263,9501,46,161,157,81,135,411,406,620,146,68,435,181,696,2207,509,3561,638,170,248,4171,357,360,730,4751,1029,396,378,54,79,376,319,166,777,287,563,354,68,144,26,79,250,54,63,38,123,36,28,713,89,263,139,421,273,103,184,87,171,271,199,212,307,165,311,70,165,43,117,1604,892,54776
6,15,805,663,1675,805,791,4938,3942,10634,52,179,143,95,155,467,467,731,159,76,467,173,758,2496,536,4107,702,132,239,4472,357,390,741,5481,1411,361,421,72,43,382,333,181,833,308,520,339,58,158,21,68,243,59,70,23,159,38,9,654,113,260,151,423,302,88,169,100,165,295,241,236,327,189,311,92,183,57,116,2056,1125,61591
6,16,794,632,1727,743,816,5322,4134,11971,64,191,171,83,161,474,449,679,148,91,469,187,810,2701,554,4539,702,168,234,5032,328,391,759,6812,1710,314,436,78,45,377,323,180,930,358,531,411,74,185,24,89,264,59,95,25,148,38,14,528,116,249,161,494,299,102,195,93,160,276,187,221,296,165,322,85,149,43,123,1761,1176,66245
6,17,872,590,1837,844,988,5649,4591,12734,57,167,142,69,152,440,423,707,164,70,448,175,869,2770,514,4904,636,130,239,5267,369,389,770,7291,1692,350,422,82,52,373,322,194,1011,347,494,434,65,154,21,86,288,62,107,33,158,31,20,752,121,226,172,430,307,90,158,67,185,280,230,249,321,171,330,87,135,58,117,1925,1264,69740
6,18,846,531,1850,826,998,6206,5110,13595,80,178,186,82,125,447,446,778,161,55,475,163,851,2980,492,5026,628,142,228,5453,348,367,779,6608,1571,380,399,97,45,346,334,156,855,308,494,430,66,139,20,74,253,66,76,25,95,30,12,979,111,244,189,448,252,94,156,72,153,238,198,222,286,136,289,85,139,57,96,2016,1244,71015
6,19,765,548,1587,745,919,5205,4750,12396,78,167,156,84,133,413,366,630,156,60,389,190,753,2570,435,4321,681,162,222,5057,324,347,690,5708,1269,447,401,92,49,372,295,158,691,345,459,375,54,134,21,99,235,52,70,23,115,29,24,1016,115,208,167,351,266,79,165,78,138,235,193,198,285,145,284,101,154,50,132,2707,1117,65000
6,20,707,511,1488,710,777,4743,4709,10584,66,170,164,80,136,382,340,616,140,58,455,128,798,2616,446,4096,563,143,249,5857,309,316,735,4580,1063,420,314,71,54,347,271,138,712,300,439,349,45,122,23,73,267,54,69,18,106,31,16,971,107,218,142,378,265,86,187,65,123,231,189,218,332,133,272,85,153,76,111,2591,1060,60967
6,21,678,498,1462,715,732,5120,4639,10297,60,153,188,78,115,384,371,636,141,71,469,167,752,2577,432,4089,604,128,228,5530,330,320,749,4627,1150,367,265,81,44,335,255,136,678,240,456,358,61,128,23,83,252,42,77,22,104,35,15,1049,107,194,139,331,276,86,123,82,149,255,201,225,297,117,254,74,151,72,96,2790,1088,60703
6,22,670,517,1535,646,818,4623,3873,9674,55,149,165,75,110,386,394,603,145,62,461,146,771,2519,478,4161,655,167,237,4590,315,313,720,4692,1328,340,349,74,69,308,237,184,638,259,426,335,68,125,17,75,280,44,64,31,121,29,10,817,108,228,141,315,250,98,161,95,176,236,187,219,305,145,270,99,126,70,113,2119,1037,57451
6,23,643,463,1795,721,719,4202,3077,8807,62,155,135,64,119,353,303,531,126,40,381,125,684,2413,383,3525,573,126,225,3885,238,303,771,4867,1896,251,257,57,65,277,214,160,608,237,391,339,49,97,19,80,269,54,63,15,85,22,9,803,102,199,152,291,214,75,144,81,115,219,136,176,256,115,221,93,94,66,101,1963,873,52817
